Age,S_x,b_x,l_x
0,350,0,1
1,50,5.2,0.142857143
2,25,5.5,0.071428571
3,10,4.7,0.028571429
4,2,3.3,0.005714286
5,0,0,0
